{"publicKey":"7COyhKDyouXbtvi48jxFwC7pMG3eXqrW7Al4hjFab0w.","signature":"jFZ5HVychUVDYvEJkoHx8jAsCgTT0IuXPrHD7JKNlQr-8uGKnRO6EcB-8Zc7Ym5i-n9dN2imz52RfvVwKNcMDg..","message":"{\"from\":\"7COyhKDyouXbtvi48jxFwC7pMG3eXqrW7Al4hjFab0w.\",\"to\":null,\"message\":\"{\\\"Content-Type\\\":\\\"image/jpeg\\\",\\\"X-Parsed-By\\\":\\\"org.apache.tika.parser.EmptyParser\\\",\\\"mime\\\":\\\"image/jpeg\\\",\\\"type\\\":\\\"hash\\\",\\\"data\\\":\\\"wmqd3+l0VvVJ7GRQHdbuAi1ZOebD/TBvVr8Ukj03/7U=\\\",\\\"tags\\\":[\\\"Isacco\\\",\\\"688656817\\\"]}\",\"notBefore\":1606143265858,\"redValue\":null,\"greenValue\":null,\"transactionType\":\"BLOB\",\"transactionHash\":\"Ckh_WeVwyN4DAxuOn9f-pm1_Tl8Q56LYsoLduVt99Hw.\",\"epoch\":null,\"slot\":null}","randomSeed":"EuET","walletCypher":"Ed25519BC"}