{"publicKey":"7COyhKDyouXbtvi48jxFwC7pMG3eXqrW7Al4hjFab0w.","signature":"K3xAwCC-oiH2rm7DOlq-GL5aBEpeCgLq7uyA9UOtw8GkeAsYFl7j9v8hTytWje0yjsE6SA0tbg2zILhiMXAlCQ..","message":"{\"from\":\"7COyhKDyouXbtvi48jxFwC7pMG3eXqrW7Al4hjFab0w.\",\"to\":null,\"message\":\"{\\\"Content-Type\\\":\\\"image/jpeg\\\",\\\"X-Parsed-By\\\":\\\"org.apache.tika.parser.EmptyParser\\\",\\\"mime\\\":\\\"image/jpeg\\\",\\\"type\\\":\\\"hash\\\",\\\"data\\\":\\\"D3xlgD4viU3bAPJ5/j5p1Cm1lCSG32osVdWEdHCTWhE=\\\",\\\"tags\\\":[\\\"upload_file_trx\\\",\\\"telegram_user_id=688656817\\\",\\\"telegram_user_name=Isacco\\\"]}\",\"notBefore\":1606145302482,\"redValue\":null,\"greenValue\":null,\"transactionType\":\"BLOB\",\"transactionHash\":\"gfbf1wz70N6MRzinEbgSHi3gPX13u2ZLOWaM8VND6KY.\",\"epoch\":null,\"slot\":null}","randomSeed":"MliV","walletCypher":"Ed25519BC"}